{
  "accuracy": 0.6948,
  "precision": 0.451,
  "recall": 0.6898,
  "f1_score": 0.5455,
  "roc_auc": 0.7705,
  "feature_importance": {
    "recency_score": 0.03070439055994241,
    "frequency_score": -0.8112692384145206,
    "monetary_score": 0.004757256725396562,
    "engagement_score": 0.08537245044921911,
    "tenure_days": 0.0,
    "activity_trend": 0.0,
    "avg_transaction_value": 0.026671044673758956,
    "days_between_transactions": 0.0
  },
  "model_type": "logistic_regression",
  "train_samples": 5634,
  "test_samples": 1409,
  "total_samples": 7043,
  "churn_rate": 0.2654
}